﻿제목,본문,댓글
모노리서치 김경수  차기 경남지사 지지율 위,재판만 잘 되면 재선 충분히 가능,도정 지지율 프로 정도 나오던데 경남 분위기 생각하면 대단함정말 김경수가 민주당에서 가장 경쟁력 있는 후보인걸 아니까 좋같은 기레기들이 말도 안되는걸로 묶어놓고 있는거지판레기  어림도 없지 일단 이거저거 엄청 따오는건 부인할 수 없는 사실이니국힘 후보가 표면화가 되어야지 의미가 있을듯김경수 여영국 박완수 빼고는 누군지 다 모르겠네도정 지지율 프로 정도 나오던데 경남 분위기 생각하면 대단함일단 이거저거 엄청 따오는건 부인할 수 없는 사실이니판레기  어림도 없지 국힘 후보가 표면화가 되어야지 의미가 있을듯김경수 여영국 박완수 빼고는 누군지 다 모르겠네일단 심 파기환송 나오지않는한 저기  김경수 이름 빠질각임 정말 김경수가 민주당에서 가장 경쟁력 있는 후보인걸 아니까 좋같은 기레기들이 말도 안되는걸로 묶어놓고 있는거지와 민주당으로 경남지사 재선이 가능하다면 이건 기적 아닐까 부울경이 정말 민주당에 회초리 많이 들어주시는 지역인데 그래도 차기 선거에서 등이라면 도민들도 어느 정도 좋게 봐주시는 것 같음차차기는 김경수양명수  제가 나서야겠군요
신동근 우리 민주당이 언제부터 부자들을 위한 정당이었지,,민주당 내부에 카르텔 벌레들이 생각보다 엄청나게 많은듯 이거 수술실  문제나 해결할수 있을지 걱정스러움갠적으로 신동근 의견에 동의하는지라 이번에 민주당 부동산특위 대책 나왔을때 같은 심정이었음걍 닥치고 있었을 뿐이지 뭐 요괴들도 하나만 해라엊그제 송신병진표 듀오 개솔희에도 추천 무수하게 박더니 이글은 왜 빵빛추로 베글에 있는게냐민주당 내부에 카르텔 벌레들이 생각보다 엄청나게 많은듯 이거 수술실  문제나 해결할수 있을지 걱정스러움찢확찢 확확찢 확찢 확확찢 확찢 확확찢 확찢 확확찢 확찢 확확찢 확찢 확확찢 확찢 확확찢 확찢 확확찢 확찢 확확찢 확찢 확확찢 확찢 확확찢 확찢 확확찢 확찢 확확찢 확찢 확확찢 확찢 확확찢 확찢 확확찢 확찢 확확찢 확찢 확확찢 확찢 확확찢 확찢 확확찢 확찢 확확찢 확찢 확확찢 확찢 확확찢 확찢 확확찢 확찢 확확찢 확찢 확확찢 확찢 확확찢 확찢 확확찢 확찢 확확찢 확찢 확확찢 확찢 확확찢 확찢 확확찢 확찢 확확찢 확찢 확확찢 확찢 확확찢 확찢 확확찢 확찢 확확찢 확찢 확확찢 확찢 확확찢 확찢 확확찢 확찢 확확찢 확찢 확확찢 요괴들도 하나만 해라엊그제 송신병진표 듀오 개솔희에도 추천 무수하게 박더니 이글은 왜 빵빛추로 베글에 있는게냐갠적으로 신동근 의견에 동의하는지라 이번에 민주당 부동산특위 대책 나왔을때 같은 심정이었음걍 닥치고 있었을 뿐이지 뭐
윾승민 아직도 조국 찬양하는 민주당 한심하다,네 다음 진짜로 청탁주려다 걸린 찐따,박근혜 가방모찌친구 아들이 당대표 예비경선 위로 통과하니 의기양양그네 명박이 아직도 줄줄 빨더라박비어천가를 부르는 한심한 토왜당승민아 여기 느그 국모박근혜 가방모찌박비어천가를 부르는 한심한 토왜당친구 아들이 당대표 예비경선 위로 통과하니 의기양양친구아들 잘나가니 신났네너네는 왜 그러는데그네 명박이 아직도 줄줄 빨더라본인부터 청탁 사죄하쇼지 애비부터 거슬러 올라가면 꿀리는 새끼가 말이 많네뭐 찬양받은적이 없으니 배알이 꿀리지초선족들이 좋아요 누를만한글이군승민아 여기 느그 국모하 빡치게 합성해놨네청탁 증거도 있는데 수사도 안받아서 떳떳한가보네요즘은 인사청탁 안하시나순실이 있는 줄도 몰랐다고 거짓말하고 코리아 패싱 아십니까   영어 잘한다고 폼 재려다가 헛소리 하고트럼프 떠라이로 몰고거기다가 니 딸은 예금이 수억 아니냐 
르포 준석이가 당대표 되나요 노원 상계동  말 들어보니,초선도 아닌 선 이준석각종 여론조사서중진들 제쳐이 후보 고향 노원 상계동 청년들 기대감 ↑대 목소리 많이 내준다그것만으로도 고마워 정치 경험 부족민주당만 좋을 일얘가 뭐라고 르포기사까지,노원역 인근 택시 승강장에서 만난 대 남성 택시기사는 자신의 정치성향을 보수라고 밝히면서 이 후보가 대표로 당선되면 더불어민주당에서는 강력한 호재 국민의힘 입장에서는 암울한 시기를 겪을 수 밖에 없다고 지적했다 그는 경선을 위로 통과한 것 보면 본선도 큰 무리는 없을 것 같다면서도 이준석이 대표가 되면 영남 등 보수지역에서 크게 등을 돌릴 수 있다고 우려했다 이어 민주당 입장에서는 흔들리는 야당을 보면서 대선 준비를 할 수 있다고 강조했다이준석을 내세워서 젊은층 표심을 끌 수 있을지없을지는 모르겠지만 장년층 표심은 없어지겠구만이준석을 내세워서 젊은층 표심을 끌 수 있을지없을지는 모르겠지만 장년층 표심은 없어지겠구만노원역 인근 택시 승강장에서 만난 대 남성 택시기사는 자신의 정치성향을 보수라고 밝히면서 이 후보가 대표로 당선되면 더불어민주당에서는 강력한 호재 국민의힘 입장에서는 암울한 시기를 겪을 수 밖에 없다고 지적했다 그는 경선을 위로 통과한 것 보면 본선도 큰 무리는 없을 것 같다면서도 이준석이 대표가 되면 영남 등 보수지역에서 크게 등을 돌릴 수 있다고 우려했다 이어 민주당 입장에서는 흔들리는 야당을 보면서 대선 준비를 할 수 있다고 강조했다리준석이는 우파 유시민 아닌가싸가지 없는 보수대 목소리가 아니라대 여혐목소리겠지 젠더 갈라치기 최대수혜자 아닌가
김남국 황,이런 미친 새가,저쪽이랑 친목질이라니 그냥 네 감사합니다나 선거 건승하세요 정도만 적는게 정상같은데 한다  지금 상황에도 페북으로 저러는거 보니 당대표돼도 페북질 하다가 꼬투리 잡혀서 욕쳐먹겠네밭갈이꾼한다  저쪽이랑 친목질이라니 그냥 네 감사합니다나 선거 건승하세요 정도만 적는게 정상같은데 딜교 개못함밭갈이꾼지금 상황에도 페북으로 저러는거 보니 당대표돼도 페북질 하다가 꼬투리 잡혀서 욕쳐먹겠네그냥 사시패스한 찐따임남국이 로스쿨 출신이야맨 처음이랑 뒤에만 올렸으면 별 문제 없는데 도대체 저 가운데는 왜 넣은거야이준석님에게 댓글받고 감격 뿅뿅이 자기 상사한테 보고하는 줄 알았네정신차려 이 양반아 넌 선출직 국회의원이고 쟤는 선이여니 생각을 왜 저렇게 자세하게 상대 당이랑 공유하는데적폐들이 아주 물고 빨고당선기대합니다정도만 하면되지 뭔말이 저리많아스파이여미친것들이 문재인 정부 지원하라고 뽑았는데저거 가지고 합성이라고 할수 있으니 전체 캡쳐 해둬야함살짝 우쭈쭈 해주면 뭐든 다 불어버리고 속도 다 까발려 줄 어리석은 이네 높은 자리 앉으면 우리편 초토화 시킬 큰 인물일세 어이구야초선족들이랑 이준석 이랑 짝짝꿍이 맞나보네장경태랑도 이러더니아우  내가 쪽팔려 뒤질것 같다다른당 선의원한테 우리 지금 이렇게 저렇게 하고 있어요라고 상세하게도 보고하네대단한 칭찬 해준것도 아니고 멋집니다란 짧은 댓글 하나에 저렇게 나불나불 주절주절 댔다는게 참한국에선 뻔뻔하고 일본에선 굽신거리는 토착왜구 새끼들 보는것 같네븅딱이지전쟁나서 적군이 우쭈쭈 해주면 군사기밀 술술 다 풀어줄 놈이네보고드립니다개국본 돈 먹은거 어쩔겨사실 민주당내의 젊은 의원 당원들은 이준석의 성공을 바라는 인원이 있을거임 남국이는 특히 이준석이랑 토론이라던가 여러 방송에서 대척점으로 나온적이 많은만큼 이준석이 성공할수록 자기가 스포트라이트를 받을수 있다고 계산했을듯이준석이 당대표가 된 국힘이 잘나가기 시작하면 초선족등 젊은 의원들은 기자회견 열고 민주당도 젊게 바뀌어야 한다고 소리치면서 선배들 쫒아낸 후 권력잡는 그림을 그리고 있을듯그래서 저는 김남국이 저렇게 이준석과 엮이는걸 좋아한다고 생각함 이준석이 화제가 되는동안 자신의 이미지도 관리하고 나중에 이준석의 대척점이 되서 당대표까지 하는 자신을 기대하고 있지 않을까 싶음 개인적인 생각임구의역 사고 담벼락에 그러고 있네 참
이준석 민주당이 윤석열 처가로 공격할 때 대응법 있다,일단 윤석열이 우리 당에 와야 해 그럼 비책이 담긴 비단주머니를 개 줄게그걸로 충분히 받아치고 역효과까지 일으킬 수 있어삼국지 유비 재혼건 따라하는 듯한데그거 사실연의의 창작이라던데 그리고 그 비책을 왜 본인의 선거에선 전혀 못 써먹었을까나,이 기사 핵심은 민주당이나 이준석보단 윤씨 처가네제목만으로도 뭔가 처가에 문제가 있다는 소리잖아영선에게 선거를 맡기는건 좀내가 보기엔 쟤들 비책은 무조건 민주당 후보로 이재명 미는거 밖에누없어 어그로는 어그로로 덮어야비책은 능력있는 사람이 주는 비책이 쓸모가 있는거지황호의 비책 주머니 개 이러면 누가 받아가고 싶겠니윤씨 오기 좋은 판을 만들려고 이준석 밀어준다는 말도 있음 윤은 정치 짬바 있는 중진들 더 불편해한다고 어차피 국짐은 지들이 잘하는 게 아니라 언론백업으로 선거 치루는 당이라영선에게 선거를 맡기는건 좀내가 보기엔 쟤들 비책은 무조건 민주당 후보로 이재명 미는거 밖에누없어 어그로는 어그로로 덮어야비책은 능력있는 사람이 주는 비책이 쓸모가 있는거지황호의 비책 주머니 개 이러면 누가 받아가고 싶겠니윤은 자신을 끌어줄 정당을 원하는데 선준석군이 당대표 하는 정당이면 갈 생각을 접을껄윤씨 오기 좋은 판을 만들려고 이준석 밀어준다는 말도 있음 윤은 정치 짬바 있는 중진들 더 불편해한다고 어차피 국짐은 지들이 잘하는 게 아니라 언론백업으로 선거 치루는 당이라이 기사 핵심은 민주당이나 이준석보단 윤씨 처가네제목만으로도 뭔가 처가에 문제가 있다는 소리잖아그러게 윤썩 쉴드치는게 아니라 대응법을 말하는거니 은연중에 그렇게 문제 있다는걸 전제하고 말하네 무슨 초딩이냐나도 윤석렬이 국짐으로 갔으면 좋겠어 쟤들 당은 정치철학 이딴거 없고 그냥 반문이 정체성네 저런새끼가 정의를 이야기 하네여당에서 윤석열 전 검찰총장 부인과 장모에 대해 공격하면 충분히 받아치고 역효과까지 상대 쪽에 넘길 해법이 있다윤 전 총장이 만약 우리 당에 들어와 함께 한다면 제가 윤 총장 쪽에 비단 주머니 개를 드리겠다 급할 때마다 하나씩 열면 된다 제갈량 나셨네 비단주머니개가 뭘까 혜경궁김씨 문재인 대통령 공격할건 없을거고 조국 전 장관 뭘까 저 비단주머니 개가정치인이 자기 가치 높인답시고 허풍떠는건 많이 봤는데이런건 또 처음보네동화속 도사님이야방구석 제갈량이냐윤석열은 검찰떄 저지른 짓으로도 충분히 망할 것 같은데 재보선 결과를 보면 그걸로는 망하지 않을듯오히려 한미정상회담 후속으로 임기내 종전선언 이끌어내는게 우리쪽에 훨씬 더 이득일거야그 짤이 필요하다누구나 계획은 있다 쳐맞기 전까진장모 처가 언급한것만으로 똥볼 아닌가제일 중요한건 준석이는 국회의원을 한적이 없다 정작 자신 앞가림도 잘 못함  지금은 그저 렉카질 하나로 조금 잘나간다뿐이지 당대표 선거 이후 추락길만 있을껄찢새기를 만주당 후보로 미는 것이 비책이라고 생각하고 있구먼옛날부터 지가 제갈량인줄 착각하고 나대다가 죶된 놈들이 그렇게 많다던데썩열이 장모 문제를 혜경궁 문제로 덮어버리기 그거 뻔하잖아 윤씨처를 혜경궁으로 덮겠다 조작하고 여론몰이하고 개검이 공소제기안하고늘 같은패턴근데 맹바기도 빵갔자나준슥이가 썩렬이 죄진줄은 아나밬본인도 계속 낙선하면서 무슨 오지랍 전직 검총보다 더 신박한 방어수단이 있다니 무협지나 삼국지 너무 많이 봤구나
조국의 시간 차트 올킬이네 ,하 이런데도 손절해야 한다던 그놈의 여론 대변자들 오히려 남은 년 안에 명예회복을 해야대선때 국민들이 왜 검찰개혁이 필요한지를 깨닫는건데그런 의미에서 지금 같을 때 민주당이 더 호응을 해줘야지,멍청이들이지들 찍어주는사람들연론은 무시하고엉뚱한것들이 씨부리는거에동조하면어쩌자는거야그런다고걔들이니들 찍어줄거같냐이런거 보면 확실히민주당이 무능하다라는 여론조사는못 지켜줘서 무능하다 라는 의미가 맞는듯그렇게 많진 않겠지만 조국을 공격한 자들도 내용 분석을 위해 구입하긴 했을듯확실히 이런거 보면 민주당 지지자들이 여론에서 과소 대표되는 느낌이란말이지연론여론멍청이들이지들 찍어주는사람들연론은 무시하고엉뚱한것들이 씨부리는거에동조하면어쩌자는거야그런다고걔들이니들 찍어줄거같냐연론여론이런거 보면 확실히민주당이 무능하다라는 여론조사는못 지켜줘서 무능하다 라는 의미가 맞는듯그렇게 많진 않겠지만 조국을 공격한 자들도 내용 분석을 위해 구입하긴 했을듯베스트셀러는 호기심이 만들어내지반대하는 사람들도 꽤 샀을 거야확실히 이런거 보면 민주당 지지자들이 여론에서 과소 대표되는 느낌이란말이지민주당 이것들아제발 좀 자다가 봉창 두드리는 소리 말고 언론·검찰 개혁 속도 내라고어디서 차트에 없는데올킬한 차트를 링크를 걸어주면 되는 거 아닌가 왜 비추를 누르지
조국 전 장관 회고록에 초선족 반응,,자서전 아니고 회고록이라고 븅신들아 장담컨데 내년 대선에 만약에 이재명이 최종후보되서 낙선하게 되면그 때도 조국탓하고 친문탓할거다 저 새끼들은꼬우면 빳찌 내놓고 나가시발들아 조국이 문제였으면 니들 뺏지 못달았어 국짐 가라 과거로 돌아가서 정곶감당이 되는건 아닌지 민주당을 그렇게 몰라자서전 아니고 회고록이라고 븅신들아 과거로 돌아가서 정곶감당이 되는건 아닌지 민주당을 그렇게 몰라꼬우면 빳찌 내놓고 나가장담컨데 내년 대선에 만약에 이재명이 최종후보되서 낙선하게 되면그 때도 조국탓하고 친문탓할거다 저 새끼들은저기 부정반응 색기들은 사람 자격 없음 뇌 파막은 벌레 이상도 이하도 아님초선족들은 뇌가 파먹혔기 때문이 아니라 멀쩡하기 떄문에 저러는 것 같은데 저들이 반란을 일으키면서 내걸었던 명분이란 유권자들은 조국에 대해 불만이 있다는 주장이었는데 이번 회고록이 이렇게 잘 팔려버리면 자기들이 내걸었던 명분이 사실과는 다르다는 게 들통나게 되잖아시발들아 조국이 문제였으면 니들 뺏지 못달았어 국짐 가라 지가 잘해서 뱃지 달았다고 생각할걸  다음 선거때 요번 초선족들 상당히 쳐내야함에미추 삼보일배 수준의 참회가 없다면 무조건 공천탈락이지삼보일배가 아니라 서울 부산 왕복 오체투지 정도는 되어야 하지 않나저 의원이란 새끼들도 애초에 작정하고 반문새끼들만 선정해서 물어봤겠지 뻔하지아니 씨발 그렇게 조국때문에 악영향이 크면 작년총선부터가 설명이 안되는데 그거는 전혀 생각 못하고 그저 지들 무능한거 감출라고걍 조국핑계만 주구장창 대는거잖아언제정신차릴까 이 병신새끼들은아니다 죽을때까지 못차리겠지등신인증 지리네 진짜 지랄들 하네 시벌것존나 패고싶다정신 못차렸군진심으로 역겹다초선족  리틀 새천년민주당아직도 정신 못 차렸네저 븅신들은 지들떄문에 지금 당 지지율이 과거로 돌아가고 있다는건 모름이젠 뭐 그냥 조국한테 모든 책임을 덮어씌우겠다는 수작이구만쟤네는 아직도 정신을 못 차렸네쟤네 도대체 정체가 뭐야  어디에서 민주당으로 파견된 거야과거로 돌아 갈까봐 걱정이다 라 우리가 니들보다 민졷당을 더 오래 관심가지고 봤는데 지금 니들이 하는 꼬라지가 과거의 민졷당의 모습이다제발좀 꺼저라니들이 당선된건 조국 덕이야이쯤되면 저 조국 전 장관 때문에 초선적들이 무슨 피해를 봤다고 봐야 하는거지 지들이 피해를 본게 있으니까 조국 전 장관을 물고 늘어지는거 아니겠어저것들 싹 다 내쫓아야지 민주당에 하나도 도움되는 일 없는 것들이다법 내놓고 전세 올린 누구 이야기 같은건 안하겠지미친색끼들 지랄한다정신 나갔군언제적 조국사태야 뿅뿅 아 존나 빡쳐니새끼들때문에 이반되고 있다 야격앙와 초선이 모든 게 해골찬이 공천 시스템 망가뜨리고 친목질에서 시작된 거임 초선들이 민주당의 기본 정신조차 이해하지 못하고 공감할 수도 없는 인간들이기에 화를 내는 것조차 사치스러움단체로 항의라도 해야 되는 건지 뭔지개빡치네 지들 책임 회피하려고 조국을 파는 거 진짜 몰염치한 거 아냐초선들의 정치생명은 이번 국회로 끝나야함이해찬 이 뿅뿅 틀딱 새기노쇼찬의 유산 끔찍하다중진의원은 성호에게 물어봤냐
