﻿제목,본문,댓글
난 한강사건 초기부터 지금까지 느끼는건 딱 하나야,대체왜,우리나라  터졌을때 문재인 대통령은 뭘 했냐는 소리군원조가 미국아니얔실제로 있긴 했겠지만 저 짤은 드라마인가 예능의 한 장면인 걸로 기억함와미국도저런사람이 존재하는구나저런건 아니고 오바마 케어 반대 하러 시위 나온 사람한테 질문 하니까 오바마 케어가 먼지 모르는 짤은 있었지우리나라  터졌을때 문재인 대통령은 뭘 했냐는 소리군실제롲 김대중때문이라는것들 있었음와미국도저런사람이 존재하는구나원조가 미국아니얔실제로 있긴 했겠지만 저 짤은 드라마인가 예능의 한 장면인 걸로 기억함저런건 아니고 오바마 케어 반대 하러 시위 나온 사람한테 질문 하니까 오바마 케어가 먼지 모르는 짤은 있었지
한강 사건을 보면서 느낀 두 가지,힘드네 어쩌네 그런거 다 엄살처먹고 살만하니까 방구석에서 배 긁으며 지랄 엠병짓 하는거 맞다 기레기 렉카 코난들 모두 말이다이 시국의 안정은 정부와 의료진들이 다 했네 또 한편으로 한국이 힘든 이유는 이런 인식들이 모여 의식을 형성해서 만들어낸거지무슨 말이냐면 가장 중요하고 개선을 촉구해야할 일은 모른척하고 무관심하며 그냥 자기들 분풀이용으로 쓸때나 분노하고넘어갈 뿐이란거헬조선은 결국 우리가 만들어낸 결과물이다,평택 이선호씨 위해서나 저렇게들 하지평택 이선호씨 위해서나 저렇게들 하지
어제자 그알 보고 느낀 점,코로나가  염병이긴 염병이구나코로나로 온 동네 노인정 다 폐쇄 되니까 노친네들 유튜브 붙잡고 이상한 뻘소리만 골라보고 앉았음그게 이번 한강 사건에서 여실히 드러남,저기 시위현장에 대도 엄청 많았음대도 떡같아 노인만 그런게 아님 뿅뿅 짓에 세대가 어딨어벌레새끼가 가장 많은 나이대가 어디더라답나오지대도 떡같아 노인만 그런게 아님 뿅뿅 짓에 세대가 어딨어저기 시위현장에 대도 엄청 많았음일단 그알부터 보고 와뭔 개소리야 그알에서도 대 대 가릴 것 없이시위 나와서 타살이라고 지랄하더만 벌레새끼가 가장 많은 나이대가 어디더라답나오지코로나 풀리면 그거 유투브에서 보고 더 빨리 유언비어 확산됨
그알이 남긴 역사로 남을 짤,,조선일보도 못믿는다더라 탄핵시국에 통수쳤다고 촌의 뒤를 잇는 명작인가 난 한강에서 저러는 인간들  극우들인줄 알았는데 어제 방송 보니 죄다 노친네들 병신들 촌의 뒤를 잇는 명작인가 조선일보도 못믿는다더라 탄핵시국에 통수쳤다고 병신들 짤줍짤줍대단한 짤이 나왔어 진짜난 한강에서 저러는 인간들  극우들인줄 알았는데 어제 방송 보니 죄다 노친네들 은 저새퀴 술마시고 꽐라되서 실족사 했구만이지웃음벨 언믿일믿에이은 유튜브만 믿어아이고 이짤 이후에 최고의 짤이구나 엌정말 명짤 탄생했구먼근데 실제 대들 유트브장난아니게 보더라한번 그쪽으로 보기시작하면 관련된 동영상들이 알아서 올라오잖아스맛폰에 익숙하지못한 분들일수록계속 노출됨
한강 코난들이 ↗됐다고 들었습니다,이제 죗값 받으셔야지 ,내가 봐서는 ↗되지 않았음엿 안됨 오히려 그알이 틀렸다고 코인 더 땡김내가 봐서는 ↗되지 않았음
한강사건은 진짜 검경수사권 조정 되었으니 다행이지,안그랬으면  씨 집안이랑 청와대 행정관 엮고검충이들  씨 집 압수수색 가고 기레기들 집앞에 뻐치기 하고  청와대 턴다고청와대 앞에서 개 지롤 하고또 기레기들 받아쓰기 도배질 하고조국전정관 외압설 나오고  공소장에 대통령이름 수십번 적고 어휴 생각만 해도 끔찍하다,표창장 사모 펀드  김학의출금 월성  울산하명  다 없는죄 만들어서  열씨미 기레기랑 뻠쁘질 햤자녀검찰들이라고 없는 죄 만들수는 없음 어차피 또 같은 결과 나올꺼고그러면 렉카랑 코난은 검찰도 한패라고 검찰개혁 외치겠지검찰들이라고 없는 죄 만들수는 없음 어차피 또 같은 결과 나올꺼고그러면 렉카랑 코난은 검찰도 한패라고 검찰개혁 외치겠지표창장 사모 펀드  김학의출금 월성  울산하명  다 없는죄 만들어서  열씨미 기레기랑 뻠쁘질 햤자녀
한강사건베글에 한강사건 그알 인터뷰 나온거 보는데,맨밑에 씨 가족내가 보기에는 씨 아버님 같이 생김 이랑실명나온 손정민 아버지 랑 인터뷰 내용이 천지 차이네밑에 씨 가족 인터뷰는 자식잃은 아빠마음 에 공감해주는 인터뷰 인데위에 손정민 아빠는 무슨 눈빛이랑 표정부터 뭔가 거들먹 거리는 상환받을껍니다딱 그런느낌의 인터뷰라 소름 돋는다 진짜저건 자식을 키운게 아니라 아바타 만들고 업적작 한 느낌인데애를 리니지 키우는 느낌으로 키운 거 같다무섭다,평택항 산재피해자 아버지표정과 비교하면 답이 나옴사패아닌가 그생각부터 들더라 난손정민 아버지도 문제였지만 눈빛 표정이 문제다 같은 비난은 하지말아야 할거 같아 뭔가 방구석 코난 논리랑 비슷해져가는 느낌이라서평택항 산재피해자 아버지표정과 비교하면 답이 나옴사패아닌가 그생각부터 들더라 난손정민 아버지도 문제였지만 눈빛 표정이 문제다 같은 비난은 하지말아야 할거 같아 뭔가 방구석 코난 논리랑 비슷해져가는 느낌이라서나도 어느 순간 편만 달랐지 그들과 똑같은거 같아 입을 닫았다대부분 부모들이 잠재적으로 다 저래 내 한을 풀어 줄 존재니가 잘 돼야 엄마 아빠 체면이 서는 거야바껴야 할 문화
그알이 비겁한게 언레기는 안 다루더라,언레기 책임은 안 다루고 전부 유튜버로 몰아가는 느낌 유튭레카질 이 패악질이고 사태를 이지경으로 만든것은 사실인데  그렇게 가도록 길 터준게 언레기들이지언레기 들이 지들이 막 뿌려대면 이슈 만들수 있다고 자신하고 있어서언레기들이  앞에서 뿌리고  뒤에서 극우 유튭 일베 그리고 카톡에서 가짜뉴스 돌리는 업자들 이 활동하고이게 다 구조와 설계가 있는 것인데  그알은  그중 제일 중요한언레기의 문제는 외면했다,그알도 본질이 시방새라는거지국제파 관련 자료를 모으던큰별 가 교체당하고 나서 더더욱진짜 노리는건 이거 구실로 유튜버 조지는 밥그릇 싸움거는걸수도 있지실질적으로 언레기들이 선동질만 안했어도 한강 사건이 이렇게까지 커지지도 않았음 몇개월 전 뒷광고 논란 때도 를 위시한 공중파 방송국들은 애꿎은 쯔양 선동질로 쓰레기로 만들고 정작 지들 뒷광고 논란은 묻어버림 그때도 몇몇 유튜버들 날아갔지 공중파종편 방송국들은 피해 안봄그알 손절해서 뭐라 말은 못하겠지만 이걸 빌미로 강력한 경쟁자 제거를 하려는 꼼수같은 느낌본질은 시방새라서 진짜 노리는건 이거 구실로 유튜버 조지는 밥그릇 싸움거는걸수도 있지그알도 본질이 시방새라는거지국제파 관련 자료를 모으던큰별 가 교체당하고 나서 더더욱그알 손절해서 뭐라 말은 못하겠지만 이걸 빌미로 강력한 경쟁자 제거를 하려는 꼼수같은 느낌실질적으로 언레기들이 선동질만 안했어도 한강 사건이 이렇게까지 커지지도 않았음 몇개월 전 뒷광고 논란 때도 를 위시한 공중파 방송국들은 애꿎은 쯔양 선동질로 쓰레기로 만들고 정작 지들 뒷광고 논란은 묻어버림 그때도 몇몇 유튜버들 날아갔지 공중파종편 방송국들은 피해 안봄사망여우가 이때 이상민의샴푸광고 뒷광고를 지적했는데씨방새가 이상민과 합작하고연알시상까지 돌려먹으면서아주 제대로 기만했지본질은 시방새라서 유튜브에 뺐긴 시청자들 빼와야하는데팀킬 할 수는 없겠지 신의한수도 저 한강사건에 여론 만들었지나경원 주호영까지 이 사건에 가장 큰 책임이 있는게 기레기들인데 말이지지네들도 함께 우리가 남이가 하는 언론이다 이거지말 그대로 유어낫얼론이고 유어낫언론임
한강 코난들 됬음 ,로펌에서 고소하기로 함 ,인터넷 글 흔적없이 박제걱정 없이 삭제해 드립니다 광고 달아두면 수익 달달하겟네 이거 아니래아직 로펌에서는 고소계획없다고 했고 코난들한테 빡친 사람들이 자발적으로 보내자고 올린 글이래우선 렉카놈들 먹은거 토했으면우선 렉카놈들 먹은거 토했으면인터넷 글 흔적없이 박제걱정 없이 삭제해 드립니다 광고 달아두면 수익 달달하겟네 이거 아니래아직 로펌에서는 고소계획없다고 했고 코난들한테 빡친 사람들이 자발적으로 보내자고 올린 글이래변호사가 아니라로펌이면기둥 개는 뽑힐꺼야인생을 값지게 보내네 아녀 저거 친구네서 모은다는 게 아니라 저거 시민들이 자발적으로 보내는 거라고 그러던데내가 봐서는 머리 쓰는 녀석들은 교묘하게 명예훼손 될만한거 피해감거기다가 저거 씨가 직접 하는거 아니면 의미 없어 보이는데
한강사건 친구 허위사실유포 자료 수집중,,요즘은 인성도 능력이지 능력주의 신봉자들 많더만 알아서 자연도태되길 기원함그래  보내야지 그동안 받은 상처를 보상받길 바랍니다그래  보내야지 요즘은 인성도 능력이지 능력주의 신봉자들 많더만 알아서 자연도태되길 기원함응 능력주의랑 상관이 있나그동안 받은 상처를 보상받길 바랍니다지들이 불리한거 반박당한건 빼먹고 댓글 쓰더라코인 달달하게 뽑았으니 이제 그 대상한테 인센티브 거하게 지급들 하심 되겠네 이거 걍 사람들이 자발적으로 하는거라 친구 의사는 없대저거 진짜 마즘그냥 사람들이 하는거지 당연히 그 친구랑은 상관 없음
모범택시 마지막회 가장 심각한 문제는 경기도 같은 게 아냐,좇같은 경기도 지역 포인트 도 문제지만 그건 오히려 사소해진짜 문제는 현재의 공권력만으로 정의를 이룰 수 없다는 인식을 전달한다는 점이야햄머와 공구리와 도라무 같은 수단으로 효과적인 응징과 복수같은 방안이 동원되지 않으면 사회 정의 구현 안된다는이미지가 생길 수 있다고마지막 전화에선 교묘하게 화성연쇄살인범 관련 실제 인물의 복수를 원한다는 인터뷰까지 넣었는데 왜 그랬을까이걸 받아들이는 순간 이재명 색기가 쓰는 편법과 탈법과 불법적인 수단과 공권력의 자의적 이용이 필요한 부분이있겠다는 인식이 스물스물 생겨난다는 점이야누가 그런 머저리 천치같은 생각을 할까 싶지내가 보기엔 한강 사건의 렉카에 이끌린 지진아들은 모두 그 프레임에 쉽게 동조될거라고 본다더구나 안방에 전달되는 드라마를 통해서그게 좇같은 경기도 과도 맞물리면 어떤 현상이 생길까멕시코의 갱단이 지배하는 사회가 곧 남의 나라 문제가 아닌 인간세상의 지옥도가 펼쳐질거야이재명이 놈은 우리 사회의 시민들을 모두 지 수준의 짐승으로 만들고 싶은게 틀림없다혼자 천박하다는게 외로웠을지도그 괴물은 능히 그러고도 남는다지금 경기도에서 보여주듯이,은근히 그런 사고를 심으려고 하는 집단이 있음 도지사 패거리 맞다고 생각 강하게 개혁해야지 도덕적인 게 뭐가 그렇게 중요하냐고 하더라  막상 개혁도 못하고 기득권이랑 붙어먹을 것들이어이털렸음 경기지역화폐가 왜 나오냐고 동감 가끔 진심으로 무식한 소리하는 사람들이 보여서 무서움별로 보지도 안았지만 작가나 감독이 딱 빠일 것 같은 느낌이더라개혁도덕성부정부패적폐비리어이털렸음 경기지역화폐가 왜 나오냐고 별로 보지도 안았지만 작가나 감독이 딱 빠일 것 같은 느낌이더라은근히 그런 사고를 심으려고 하는 집단이 있음 도지사 패거리 맞다고 생각 강하게 개혁해야지 도덕적인 게 뭐가 그렇게 중요하냐고 하더라  막상 개혁도 못하고 기득권이랑 붙어먹을 것들이개혁도덕성부정부패적폐비리동감 가끔 진심으로 무식한 소리하는 사람들이 보여서 무서움드라마는 드라마로만 보는 게 좋지 않을까 말 그대로 범죄오락물이자너님 말에는 부분 동의함
한강사건 역대급으로 많이 전문가 목격자들 섭외했다는 그알 인터뷰들,,손씨 아버님 죽어라 키운 캐릭 삭제되신 느낌이신 거에요자식을 두고 누가 만들어놨다란 표현을 하죠끝에서 번째는 이거 생각난다이번 한미정상회담 뽕이랑 백신접종 속도나는 뽕 가실때까지 언론서 물고 늘어질꺼임 이거 갖다가 세월호에 비비는거 봤잖슴 걸국에 언론이랑 렉카충들한테 단물 쪽쪽 빨리고 유족들이 제일 불쌍해질꺼임씨 아버님 보살이시네 나도 아이 키우는 입장에서 자기 자식이 저정도로 린치 당하면 어지간한 부모들 눈 돌아가고도 남는다그리고 케븅신이 섭외한 전문가심리적 동조화 현상으로 설명할 수 있는데 자기도 충분히 겪을 수 있을 만한 상황이기 때문에 더 관심을 갖는다는 거죠시발 하다하다 시방새보다 못하냐손씨 아버님 죽어라 키운 캐릭 삭제되신 느낌이신 거에요자식을 두고 누가 만들어놨다란 표현을 하죠내 아들이 죽은게 아니라 내 아들이 죽은 거라니까끝에서 번째는 이거 생각난다그알이 이래도 헛소리 할래 하고 인터뷰 딴거 같은데 응 안믿죠그러고보니 저 사이에 조원철 교수가 끼여있네 그 대강 관련해서 물 보고 기분나쁜 적 있다던 이젠 퇴임해서 명예교수 직함 받은건가이렇게 모아놔도 의심하고 욕하는 씨새들이 널렸는데이거 대체 몇개월 가려나이번 한미정상회담 뽕이랑 백신접종 속도나는 뽕 가실때까지 언론서 물고 늘어질꺼임 이거 갖다가 세월호에 비비는거 봤잖슴 걸국에 언론이랑 렉카충들한테 단물 쪽쪽 빨리고 유족들이 제일 불쌍해질꺼임으아아아악 씨 아버님 보살이시네 나도 아이 키우는 입장에서 자기 자식이 저정도로 린치 당하면 어지간한 부모들 눈 돌아가고도 남는다 하지만 유튜버한테는 확실하게 대응하면 좋겠다그리고 케븅신이 섭외한 전문가심리적 동조화 현상으로 설명할 수 있는데 자기도 충분히 겪을 수 있을 만한 상황이기 때문에 더 관심을 갖는다는 거죠시발 하다하다 시방새보다 못하냐술먹고 안타깝게 죽은 애를 애비가 술쳐먹고 뒈진 애로 만든게 아닌가 싶다억울하게 죽은 인재 도 할 말 없지 않나 그냥 꼬리자르기 밖에 더할까
한강 사건이 이렇게까지 커진 근본적인 이유,, 저 사람은 자식을 키운게 아니라 자기의 명성을 드높일 물건을 키운거임그걸 잃어버리면 허탈하지 오열하진 않잖아내가 말했지 자식 잃은 아버지 눈빛이 아니라고왠지 좋은 학군에 있을 전형적인 부모상이 아닐까 싶었는데 빗겨나가질 않네마지막 말은 소름돋네마지막 말은 소름돋네왠지 좋은 학군에 있을 전형적인 부모상이 아닐까 싶었는데 빗겨나가질 않네내가 말했지 자식 잃은 아버지 눈빛이 아니라고울먹이거나 힘겨운 모습이 안보임소시오패스 아냐 저 사람은 자식을 키운게 아니라 자기의 명성을 드높일 물건을 키운거임그걸 잃어버리면 허탈하지 오열하진 않잖아니말이 더 무섭잖아 맞아근데기껏 자기의 명성을 드높일 물건이 중대의대임애잔하지도 않다사실 고인 아버지 인터뷰를 영상으로 본 적이 없는데 인터넷에 돌아다니는 이렇게 캡쳐된 스틸컷만 보면 하나같이 애통해하는 모습이 하나도 없음 인터뷰라고 하고 다니는 워딩도 죄다 자기 체면 자기 보상 자기 중심이고무언가를 상실한다는 것은 사람을 날카롭게 만든다하물며 그게 자식이라면 더 이상 말할게 없지결국 그런 날이 바짝오름으로 인한 의심 절묘한 사연으로 인한 많은 이들의 공감그리고 정부에 대한 불신과 반감이 뒤섞여서한강살인사건이라는 촌극을 낳았다간만에 비추 날려본다 한강코난 어서오고이섹낀안끼는데가 없네어제도 비추만 처먹다도망간놈이 새벽이라 기어나오는거너거 동네가서 쳐하루종일 개잦같은소리만하는구나개소리를 정성껏 써놨네 이 댓글은 언제까지 살아있나 보자 노잼관종 사이코패스아들을 만드는 거냐 그런 아들이 죽으면 그게 리셋인 거냐 자식 잃은 부모라서 말 아꼈는데 삼성 간부 면 배운만큼 배웠을 텐데 단어 선택의 실수인 거야 진심인거야대부분의 한국 부모들이 잠재적으로 저런 마인드를 가지고 있지 반성해야할 부분임이 사람이랑 다를게 없었던거네관상이 똑같아근데 저 아버지만 아니라 의대생 부모들이 유독 저런 사람이 많더라 의대 옆에서 원룸하는데 의대생이 많거든 자식 일거수일투족에 참견하고 통제하려는 부모가 많음의대생 부모들 자기들끼리 커뮤니티 이루니까 양산형이 될 수 밖에 그 커뮤니티 내에서 선민의식이 형성되고 계층이 생기지의대생 학부모회도 따로 있는거 모름 의대만 그러냐 대부분 부모들이 자식을 본인들 대리만족으로 생각하는 경우가 많다 울 나라 교육문제의 원인혹시 정치에 뜻이 있으신가역시 스카이캐슬조차  현실을 따라가지 못하는구만당연하지 원래 서울에서 입시컨설팅하는건 년도 더 전부터 유명한거자나 
그알 정인이 사건 기억해,충격적인 그 사건을 알리고 조명을 받았던 그알이그 이후에 노골적으로 정부를 까는 편을 방영했었지그래서 이번 한강 사건 에피소드가 내용을 떠나서 좀 불편하더라왜 갑자기 정상적으로 행동하지 란 불안감이 먼저 들었음이 새끼들 또 뭔가 꿍꿍이를 꾸미는 게 아닌가 싶어서 말이야이러면 좀 정치병자 같으려나,원래 한번씩 정상적인걸 해줘야나중에 물타기가 가능하지그알 잘알이면 그렇게 많이 예상하지  담주는 주제가 뭘까원래 한번씩 정상적인걸 해줘야나중에 물타기가 가능하지그알 잘알이면 그렇게 많이 예상하지  담주는 주제가 뭘까살인이엇던 같은뎅
암만봐도 한강에 과몰입한건 딱 그 부모 정도 나이임,젊은층도 있겠지만 박종철 열사 찾고 어쩌고 하는거 보면 딱 그거 아니냐 보수 대학생대 ,난 이생각 밖에 안들더라유튜브에 과몰입하는 연령대도 딱 그거니까저번에도 북유게에서 나온 분석이지만저 한강의대생이 그 시대의 워나비 집안삼성다니는 아버지 그리고 서울대 의대생그 시대의 로망이 다 담긴 집안이다보니 더욱더 애착감을 가진다는 그런 분석이었지네이버 댓글 보면 대 여성이 젤 많이 쓰는거 같더라빼애액 나 여고생인데 동년배들 다 타살이라고 한다유튜브에 과몰입하는 연령대도 딱 그거니까네이버 댓글 보면 대 여성이 젤 많이 쓰는거 같더라저번에도 북유게에서 나온 분석이지만저 한강의대생이 그 시대의 워나비 집안삼성다니는 아버지 그리고 서울대 의대생그 시대의 로망이 다 담긴 집안이다보니 더욱더 애착감을 가진다는 그런 분석이었지서울대는 아니고 인서울은 맞음난 이생각 밖에 안들더라빼애액 나 여고생인데 동년배들 다 타살이라고 한다혹시 취업 집값 코인 분노한다는 도 실상은  본인이나 그들 자식 아닐까 어제 베글보니 대부분 코인한다는 기렉 야당 커뮤 피셜과 달리 실제로는  퍼 정도만 한다고 영끌로 집 많이샀다는 것도 실상을 알고보면 고가 다주택 안내놓으려는  부모들의 증여가 많기도 할거고젊은층 많아맘카페에서도 아주 난리도 아니었지아무리 그래도 죽은아버지보다 더힘들겠냐고 그러더라고령대 다니시는 분들이지어제온사람들이 대부분 엄빠나잇대던데자식잃어본사람이라 공감된다고 그냥나온사람도있고 글트라노인대학 다닐 수도 있으니 대학생이라면 대학생이겠지 머
한강 사건이 말해주는 대형렉카와 좋소렉카의 차이,좋소렉카  어떻게든 끌고 갈려고 함대형 렉카  안뭄,꼴에 대형렉카라고 안 무넹일반인 실명공개 명예훼손은 빼박이니까렉카도 전문가와 아마추어가 존재하구만주호영나경원은 좋소렉카인거인가 그럼 물었던데 맞네꼴에 대형렉카라고 안 무넹일반인 실명공개 명예훼손은 빼박이니까맞네렉카도 전문가와 아마추어가 존재하구만주호영나경원은 좋소렉카인거인가 그럼 물었던데 유튜브영향력은 중소긴하지이준석한테도 밀리잖아 응 신의한수는 대형 렉카아닌가
한강 사건으로 알아보는 많은 가해자들이 가지고 있을 마인드,,정신병자의 자기합리화내가 너를 괴롭힌건 니가 의심 살 짓을 해서임인가수백 수천명이 나 잡겠다고 야차처럼 달려드는데 변호사 좀 컨텍한게 뭐가 잘못이지인정투쟁이지 여기서 자기 잘못 인정한다는건 하늘이 무너지는 고통일테니까 그래서 고소장으로 참교육 시켜야 한다는거임니가 꽐라 돠서 똑같이 해봐 시불진실은 진실이고 니가 의심받을 짓 했잖아 라는 논리구먼 정신병자의 자기합리화파이코인 광고 올릴거면 옵파이 사진이라도 올려 새끼야니가 꽐라 돠서 똑같이 해봐 시불아니 인지부조화가 뭔내가 너를 괴롭힌건 니가 의심 살 짓을 해서임인가수백 수천명이 나 잡겠다고 야차처럼 달려드는데 변호사 좀 컨텍한게 뭐가 잘못이지누가 양심이 지능이라던데 저 꼴 보니 참 멍청해보인다니가 그 의 입장이 되보길 바란다진실은 진실이고 니가 의심받을 짓 했잖아 라는 논리구먼 치루는 똥꼬에 나는 게 치루장례를 치르다인정투쟁이지 여기서 자기 잘못 인정한다는건 하늘이 무너지는 고통일테니까 그래서 고소장으로 참교육 시켜야 한다는거임엊그제남유게에 현대사회의 장점  단점 베플 올라간거 있었음난 그거랑 똑같은 대비로민주주의의 장점  단점인터넷맛폰의 장점  단점말할 수 있다변호사 없었으면 빼박 용의자 신분으로 조사받다가 바로 재판갔을 듯타진요 시즌조진요가 있었으니까 시즌실족사가 맞는것 같습니다밑으로 죄다 지 감정미안하든 안하든 당최 누가 신경씀솔직히 대 남자 둘이서 술마셨는데 다음날에 잘 들어갔냐고 전화하는 사람이 어딨냐 인실좇으로 울어라자기 잘못을 받아들이지 못하는 최후의 방어기제가 발동한거같네 사람이 저렇게 뻔뻔해지고 추해지는거지추하다 고소나 당해라나를 의심하게 만들다니 네가 나빠와 미친
오늘자 그알 한강 시위자들의 선넘은 발언,박종철 열사언급연쇄뿅뿅살인마이춘재 언급,능지수준무슨근거로 저러는거야나이쳐먹고 피부마녕 뇌도 쳐 쪼그라들었나 시펄 갸소리를 무뇌아 보다도 못한 수준으로 하네지역가르기 뭐 그런거 절대 아니지만 한강 불법집회때랑 추모때 대구랑 부산에서 올라오신분들도 있다고 기사에서 인터뷰 나온거봤는데 위에분들도 거기서 온거 같애머리속에 아는거 모아 모아서 억지로 우기는 수준동갑내기 자식 있다는 아재도 웃김능지수준무슨근거로 저러는거야그것은 무한한 상상력에 기반한 근거임나이쳐먹고 피부마녕 뇌도 쳐 쪼그라들었나 시펄 갸소리를 무뇌아 보다도 못한 수준으로 하네지역가르기 뭐 그런거 절대 아니지만 한강 불법집회때랑 추모때 대구랑 부산에서 올라오신분들도 있다고 기사에서 인터뷰 나온거봤는데 위에분들도 거기서 온거 같애머리속에 아는거 모아 모아서 억지로 우기는 수준동갑내기 자식 있다는 아재도 웃김도대체 뭐가 비슷하다는 거야이춘재 얘기 왜 할까 찾아봤더니 타살 믿는 사람중에 친구가 자기 전여친도 죽였다고 믿는 사람 있더라 그래서 연쇄 살인범이다 이거임나도 무수 소리인지 도저히 이해가 안 감약간 저것도 급발진의 유형같음그 교회다니는 사람들이 동성애자들 싫다면서 나도 쟤들한테 똥섹 당할까봐 무섭다는 이상한 망상에 사로잡혀있는것하고 비슷한듯세상엔 의외로 정신이 아픈사람이 많어저렇게 같은 말이 나온다면 또 어떤 렉카유투버가 비슷한 말을 했던거겠지저런 걸 방송에 내보내는 가 정말 악질이지피디도 그렇고뿅뿅들이라는 논조로 내보낸 장면이긴 함경찰이 불신받는 이유지 뭐이건 정말 업보다 업보
내가 유게에 한강사건 반박 올렷는데,이짤로 팩폭 걸어버리니까 숨은 디첩 벌레들 다 튀어나와서 반박 중 진짜 팩폭 걸면 부들부들 하며 튀어나오는건 벌레들 특성인거 맞음 ,비추 숫자 보니까 역시나 한강사건을 어떻게든 세월호처럼 만드려고 발악 하는게 너무 보임 정작 지들은 벌레들 폭식 시위에 세월호  이라는 능욕 기사까지 써낸 주제에 내로남불도 이런 내로남불이 없더라비추 왜그래 여기까지 쫓아온거임 지금도 있네 그런듯 아마도저래놓고 디첩애들 세월호 하루카씨 사건은 어떻게든 묻으려고 루리웹에서 조회수 조작까지 하고 있던데 원래 유게 등 조회수 베글이었는데 등으로 내려감박근혜 탄핵이 세월호가 원인이라고 생각하는지이 정권 내내 누가 사고로 죽기만 하면 와 하고 떠드는게 너무 투명해지금도 있네 비추 숫자 보니까 역시나 한강사건을 어떻게든 세월호처럼 만드려고 발악 하는게 너무 보임 정작 지들은 벌레들 폭식 시위에 세월호  이라는 능욕 기사까지 써낸 주제에 내로남불도 이런 내로남불이 없더라비추 왜그래 여기까지 쫓아온거임 그런듯 아마도저래놓고 디첩애들 세월호 하루카씨 사건은 어떻게든 묻으려고 루리웹에서 조회수 조작까지 하고 있던데 원래 유게 등 조회수 베글이었는데 등으로 내려감박근혜 탄핵이 세월호가 원인이라고 생각하는지이 정권 내내 누가 사고로 죽기만 하면 와 하고 떠드는게 너무 투명해사실 그거말고도 더 많은데 판검애들이 빠르게 판결내려서 아직도 이랑 순 죄과 인정 안된 비리가 얼마나 많은데 솔직히 정유라도 감옥갔어야 했는데 아직도 멀쩡히 있는거 보면 한숨 나옴
한강사건 요약, 언론 믿지마 일베를믿어,지능이 딸리는것들이 유튜브 광신하더라대표적인 예 찢파리들 찢긴노공감티브이 광신하잖아저거보면 노인층도 유투브 세뇌 많이 됐구나 싶음진짜 때리고싶운 쌍판이다 이새끼 사업가도 아니고 엠생 백수라더만 일베가 헌국의 중심을 지고 있어요저거보면 노인층도 유투브 세뇌 많이 됐구나 싶음지능이 딸리는것들이 유튜브 광신하더라대표적인 예 찢파리들 찢긴노공감티브이 광신하잖아굳이 이재명박이들 뿐인가 뻑가에 뇌를 의탁한 보리수새끼들이 이재명박이들보다 더 많이 보이더라 경상도에서 올라오신 분들인가 주옥순부대이신가 참 보기 거북하네요 일베가 헌국의 중심을 지고 있어요진짜 때리고싶운 쌍판이다 이새끼 사업가도 아니고 엠생 백수라더만자기 머리로 생각 못하는 찐따 새기들이라는 거지사이언스네 자식들이 벌어다 주는 돈 혹은 나라에서 주는 돈 저런데다 보내주고 그러는 노인들 진짜 불쌍하지도 않다 이제이순간 안방에서 문열고 주무시는부모님들 깰까봐 거실서 입틀어막고 웃음 참느라 뒤지는줄 알았다 유튜브도 그냥 이대로 방치하면 안됨 커뮤니티도 그렇고
그알 한강 감상평,어휴 맞말이다,애비놈 깽판친건 다 잘랐지만 이정도만 해도 어디야고장난 시계도 두 번은 맞는 법이니라트위터가 왠일로 맞말을 요약 잘했네맞말추애비놈 깽판친건 다 잘랐지만 이정도만 해도 어디야헐 애비가 천룡인임천룡인인진 모르겠고 사이코패스같에아이 미친 색기야넌씨눈 소리 자주 듣고 살지트위터가 왠일로 맞말을고장난 시계도 두 번은 맞는 법이니라맞말추 요약 잘했네
한강실종사건 코난들의 주장이 맞다면 군 아버지는,경찰 매수검찰 매수기자 매수변호사 매수언론 매수 매수편의점 알바 매수낚시꾼 매수그것이 알고싶다 매수그알 범죄심리학자 매수국과수 매수 매수택시기사 매수김상중 매수유일하게 매수못한 사람 유튜버 ,무엇보다 이수정은 지들편일텐데 어떻게 매수했대거 이재용도 감옥가는데저게 다 매수가 되다니근데 저 중에서 매수하기 젤 쉬운게 유튜버임 심지어 아예 유튜브는 걍 돈주고 영상 만들고 조회수 구독자도 뻥튀기 시키는게 가능함 트자코의 난 생각나네 자기들 빼고 모든 인터넷이 최빠한테 먹혔다고 주장했지 매수 성공률 퍼  신급일쎄무엇보다 이수정은 지들편일텐데 어떻게 매수했대트자코의 난 생각나네 자기들 빼고 모든 인터넷이 최빠한테 먹혔다고 주장했지 확실히 최빠에게 먹힌게 맞는거같애양 •▽•거 이재용도 감옥가는데저게 다 매수가 되다니매수 성공률 퍼  신급일쎄소방관도 있어 도근데 저 중에서 매수하기 젤 쉬운게 유튜버임 심지어 아예 유튜브는 걍 돈주고 영상 만들고 조회수 구독자도 뻥튀기 시키는게 가능함  진짜 군이 살해했고 저정도 매수 가능하면 살인청부업자를 찾아서 매수하는게 더 싸고 쉽게 먹혔겠는걸한강 사이버 렉카들 수익 보면 고작 천만원이면 매수할 수 있는데 저런 권력과 재산을 가지고도 냅둔다고 풀매수 코인이야
이번 한강 사건 반박에는 이 짤이 최고다 진짜로,이거만큼 팩트인게 없음정작 평택 노동자 사고사 한건 묻어버린 기레기들,싫은데요싫은데요
한강 사건 관련해서 유튭뽑는 야들 과거영상보면,대부분 이따구임,저것도 정치적 성향이 저래서 저런거라기보단  중장년층 조회수 빨려고 저지랄 하는거겠지이상하게 울 어무니는 극우유튭으로 한강 사건을 보더라내가 절대 보지말라고 얘기는 했는뎀안봐도 극우 렉카들초반 한강 시위영상에 중장년층 많던데  일단 뉴스처럼 보이는거는 죄다 빋는 사람들이 이리 많구나 싶더라안봐도 극우 렉카들저것도 정치적 성향이 저래서 저런거라기보단  중장년층 조회수 빨려고 저지랄 하는거겠지초반 한강 시위영상에 중장년층 많던데  일단 뉴스처럼 보이는거는 죄다 빋는 사람들이 이리 많구나 싶더라이상하게 울 어무니는 극우유튭으로 한강 사건을 보더라내가 절대 보지말라고 얘기는 했는뎀슬프지만몇일전 어무니랑 똑같네근데 그 중장년들 조회수 빨려는 놈들 정치적 성향이 거의 저러더라과거 영상 좀 보여주면서 이넘들 상종할 놈들 아니라고 말해주니까 그때부터 안보기 시작하시더라아침에는 뉴스공장 보이는 라디오 보고 점심에는 신의 한수 손정민 특집 보는 사람도 있는데 뭐
그알 한강 사건 친구  아버지 인터뷰,그래도 고소는 꼭 하시길,진짜 대인배라는 말 밖엔그래도 방구석 탐정단과 렉카충 금융치료는 꼭 해주세요진짜 양반임현명하시네 혼란스러운 상황에서도 상대에 대한 배려심도 끝까지 지키려고 했구만병원 피해 본 건 진짜 조지세요유족네 애비 보니까 가관 이더만 항문 전문의 한다면서 똥꼬부모 라고 멸층까지 만들고 낄낄대고그리고 돌아온 것진짜 양반임진짜 대인배라는 말 밖엔그래도 방구석 탐정단과 렉카충 금융치료는 꼭 해주세요현명하시네 혼란스러운 상황에서도 상대에 대한 배려심도 끝까지 지키려고 했구만병원 피해 본 건 진짜 조지세요이러면 고소 안하시겠네  대가를 치렀으면 좋겠는데하지만 영상조작하고 그걸로 돈버는 것들은 고소든 고발이든 해야 함그 영상에 속은게 바보스퍼운 짓이지만 금전적 손해까지 보는건 사기잖아 찾아와서 난리쳤다는 자들도 마찬가지로 고소해야 하고 행동에는 책임이 따른다는걸 보여줄 필요가 있어 다들 광기에 사로잡혀서 난리도 아니다 진짜 그래도 고소는 해주세요 제가 여러명 캡쳐해놨어요고인과 고인 아버지를 위해서 가만히 있었는 데가만히 있으면 가만히 있는다고 의심스럽다고 선동하면사람 어떻게 살까 싶음가만히 있으니 문재인 대통령처럼 공격을 당하는거야절대 가만히 있는게 답이 될 수 없다유족네 애비 보니까 가관 이더만 항문 전문의 한다면서 똥꼬부모 라고 멸층까지 만들고 낄낄대고블로그에 누가 똥꼬부모와 그 새키란 댓글 달았는데 답글로 감사합니다 웃음이 그딴소리할때 손절함제정신인가 싶더라 그 전에도 주작증거 풀어놓고 즙이나 쳐 짜더니이따위 인간이 삼성 부장 밑에 사원들 취급 어따구로 헐지 안봐도 비디오네덕분에 삼성 이미지도 말아먹고 아주 잘하는 꼬라지야전에도 그알서 일베충 특잡때도 섬성다니는 벌래 하나 기어나왔으니까 차피 이미지 조질게 있나 네입원 사아코 암원처럼 저인간도 업무성과만 괜찮으면 계석 쓰갰지그런적도 있었어 몰랐네 삼성 이미지 번 박살이네  방영헌지 몇년 됐는데 쌉 파오후 일베충 새끼가 티비 나와서 우리 일베선 다 벌래애요 저도 벌래고 피디님도 벌래고 대통형도 벌래애요 이  당당하게 해서 충격먹었다고역겨운 섹히들지들이 말하는 똥꼬 용도와 친구 부모님이 하시는 똥꼬와는 다른데저능아들 끼리 모여서 같은수준으로 노는거지우리 엄마가 호인이라고 하더라어른이시네요이런 분이 피해를 입는 상황이 안타깝다대인배네 손군 부모님은 고소할꺼 없지만 방구석 탐정들이랑 선넘은 애들은 결과 나오면 조용히 고소미 먹이면 되지 않을까
한강 대학생 사이버렉카 맹신의 진원지,그분이 부추김,가짜 뉴스도 표현의 자유라고 하신 분임지갓 머저리 새키가 먼 현장검증 엠병유튜브는 구글이 방치해서말할 자유는 있고 책임은 없음가짜 뉴스도 표현의 자유라고 하신 분임유튜브는 구글이 방치해서말할 자유는 있고 책임은 없음지갓 머저리 새키가 먼 현장검증 엠병
그알손정민 사건에 이 분노한다더니,왠 시발 다 늙은것들만 분노하냐시발 결국은 문재인 정권이랑 엮을려던 거 맞네,저 늙은 것들도 아마 그 종교일 거임이미 구김당에서 모지리 한 놈이 덥썩 물었잖아 정작 하태경은 이 일에 관심도 없더만  맞음 한 몇십년전에년전 저 늙은 것들도 아마 그 종교일 거임이미 구김당에서 모지리 한 놈이 덥썩 물었잖아 정작 하태경은 이 일에 관심도 없더만  맞음 한 몇십년전에년전 청년층은 오히려 평택항에 관심있음한강 사건 렉카 새끼들 대부분 김웅 종이의 티비 신의 한수같은 극우 틀딱들이나 보는 유튜버들임혹시 취업 집값 코인 분노한다는 도 실상은  본인이나 그들 자식 아닐까 어제 베글보니 대부분 코인한다는 기렉 야당 커뮤 피셜과 달리 실제로는  퍼 정도만 한다고 집 많이샀다는 것도 실상을 알고보면 고가 다주택 안내놓으려는  부모들의 증여가 많기도 할거고
현재 그알 한강 사건 논조,정확하게 입수된 증거들과 증언들 그리고 여러 전문가들 다 내보내서 친구가 슬슬 무혐의같다는 느낌으로이야기하고있음이래도 안믿겠지 방구석 프파들은,이미 그알 안믿는다 햤던 것 같다저렇게까지 알려주는데 아직도 타살이라는인간들은 대체 뭔심리야모자이크 인터뷰 나오던데 노란 옷 입은 여자가 씨보고 자수하랜다미친인간들 할일 더럽게 없어 이미 사망자 아버지가 거른다고 했음팩트로 유튜버 존나 팸 이미 그알 안믿는다 햤던 것 같다저렇게까지 알려주는데 아직도 타살이라는인간들은 대체 뭔심리야모자이크 인터뷰 나오던데 노란 옷 입은 여자가 씨보고 자수하랜다미친인간들 할일 더럽게 없어 이미 사망자 아버지가 거른다고 했음오늘은 정부탓 안했나안함 유투브렉카들까는중  으아악 조작이다 조작이야기승전문재인 아니었어 볼 걸 그랬네팩트로 유튜버 존나 팸 오 왠일아까 그알보니 그러던데자수해라우린 유튜브 믿어요 유튜브만 믿어요
