﻿,title
0,			이쯤되면 이 삼인방 재평가 시급한거 아님????		
1,			머니게임 한 번도 안 본 펨붕이 있으면 개추 ㅋㅋ;		
2,			니갸르 폭로때매 파이언급이 많아지자 코트 ㅋㅋㅋㅋㅋㅋㅋㅋㅋㅋㅋㅋ		
3,			머니게임) 아니 파이가 3천 벌었다고???		
4,			머니게임) 3천 받아놓고 0원 3명 불러다가 지 세탁질 시켜놓고 맘에 안든다고 뒤통수 갈겨?		
5,			머니게임) 호감도 안가게 생긴 듣보잡 외국인은 왜 넣은거냐?		
6,			머니게임..... 다시 보니 ㄹㅇ 선녀인 장면.gif		
7,			머니게임) 마지막 엔딩크레딧 웃음벨.jpg		
8,			파이 퇴소이후 니갸르 발언 해석.jpg		
9,			머니게임)) 파이가 나간이유 떳다...jpg		
10,			머니게임 최종화를 보고 이해된 점		
11,			머니게임 시즌2 최상의 멤버		
12,			20.05.15. 파이 오프닝 토크 [머니게임 관련]		
13,			오피셜) 머니게임 최종 우승자		
14,			니갸르 폭로후 보니 소름돋는 장면		
15,			이루리 조용히 있다가 6개월뒤에 커뮤 돌면서 고소장쓸것같음		
16,			배그하다 파이보는 코트 클립 영상 ㅋㅋㅋ		
17,			실시간) 코트 채팅창		
18,			ㅋㅋㅋ파이가 개꿀인거 같지?		
19,			n방향 3천미터 채팅본 코트반응 ㅋㅋㅋㅋㅋㅋㅋ		
20,			지금 니갸르 폭로보고 제대로 느낀점.jpg		
21,			머니게임 최종빌런 밝혀짐		
22,			파이 : 코트오빠 원래 한 말에 책임 지시는 편인가요???		
23,			씹 ㅋㅋㅋㅋ 머니게임 결말 예언한 놈 찾았다		
24,			파이는 얘는 진짜..ㄷㄷ		
25,			머니게임 2주도 저렇게 힘든데		
26,			머니게임 촬영 끝낸 당시… 파이…jpg		
27,			실시간 파이 상황 ㅋㅋㅋ		
28,			머니게임) 아까 니갸르 방송에 이루리 남친 옴.jpg		
29,			니갸르 폭로 8줄 요약 ㄷㄷㄷㄷㄷㄷ.jpg		
30,			머니게임)니갸르:육지담이 2천만원 요구함		
31,			머니게임좀 시발 그만 올려라		
32,			니갸르: 착한 사람 믿지마세요. 이루리랑 대화 안한 이유		
33,			육지담 유튜브 재개하자마자 다시 나락 위기		
34,			엠팍좌 6년전 이루리 예언...ㄷㄷ		
35,			머니게임)파이 더 역겨워진점 ㅋㅋ.jpg		
36,			머니게임 실시간) 이루리 & N빵에 대한 최종해명 정리		
37,			현시각 이루리 인스타 공손한 테러범 출몰ㅋㅋㅋㅋㅋㅋㅋㅋ .jpg		
38,			머니게임)) 돈 분배 오피셜. TXT		
39,			현시각.... 개꿀 듀오		
40,			월 몇천 버는 사람들이 거지 하꼬 유튜버들 농락한거임 ㅋㅋ.jpg		
41,			니갸르 안아주는 이루리 보고 쌍욕ㄷㄷㄷ.avi		
42,			실시간 파이 맨탈붕괴직전		
43,			[머니게임] 근데 육지담은 왜 욕먹는거임?		
44,			니갸르 가장 불쌍한 점		
45,			머니게임)) 8화 결말 요약...jpg		
46,			와 님들 파이 사과문 뜸 ㄷㄷㄷㄷㄷㄷㄷㄷㄷㄷㄷㄷ		
47,			머니게임) 이루리.. 진정성 보이던 장면.jpg		
48,			파이 멘탈 장난아닌듯ㅋㅋㅋㅋㅋ		
49,			니갸르: 카톡 내용까면 경찰서까지 가야한다		
50,			'촌스럽게 아침에 출근하냐'는 벤츠녀.png		
51,			현 시간부로 '니갸르'에 대한 지지를 철회한다		
52,			니갸르 피셜) 마지막날 이루리랑 개싸움		
53,			전기가 ㅂㅅ인이유		
54,			이루리 : 착한아이 증후군 때문에 고민이 많았다		
55,			실시간 논리왕전기 상황ㅋㅋ		
56,			머니게임 스포주의) 이랬으면 씹극락 ㅇㅈ?		
57,			스포주의) 머니게임 상금		
58,			이루리曰남은 3일동안 서로 의지 많이했다 -전공가 세탁방송中....		
59,			머니게임) 나는 솔직히 다 떠나서		
